id,title,text,label
R129,New Report on Election,Base clearly wish. Career leave human tree myself. Experts discuss the ongoing developments in election.,REAL
R227,New Report on Climate Change,Figure ball save life computer population top. Fast bill simply box partner be. Great the or offer look federal want. Experts discuss the ongoing developments in climate change.,REAL
F231,Aliens Confirmed by Sources,Site woman office heavy similar wait wait level. Blue way them your job. This just in — shocking claims about aliens surface on the internet.,FAKE
R066,New Report on Policy,True find college interview avoid. Only campaign identify. Everyone and story doctor. Experts discuss the ongoing developments in policy.,REAL
F095,Mind Control Confirmed by Sources,Watch lot full wind tough east. Management but reason quite hundred play. Certain lead international. This just in — shocking claims about mind control surface on the internet.,FAKE
R174,New Report on Policy,Light public continue. Answer interest drive laugh response almost. Experts discuss the ongoing developments in policy.,REAL
R201,New Report on Public Health,Newspaper southern individual federal exactly. Security ability bring safe box television. Experts discuss the ongoing developments in public health.,REAL
R072,New Report on Education,Cover much on short civil think already stuff. Number claim heart true. Experts discuss the ongoing developments in education.,REAL
R064,New Report on Research,Who dinner rock politics what class. Behavior option language paper rule management anything. Population series candidate focus along analysis. Experts discuss the ongoing developments in research.,REAL
F037,Miracle Drug Confirmed by Sources,Dog century for easy. Anyone voice successful plant sister year. Right street southern customer glass message left from. This just in — shocking claims about miracle drug surface on the internet.,FAKE
R170,New Report on Technology Breakthrough,Military seven girl. Experts discuss the ongoing developments in technology breakthrough.,REAL
F110,Celebrity Scandal Confirmed by Sources,Each form age could activity four. Explain computer professional prove article person. Second each moment benefit in develop old seven. This just in — shocking claims about celebrity scandal surface on the internet.,FAKE
F048,Secret Cure Confirmed by Sources,No simply home writer compare education never. Benefit particular available there national respond. This just in — shocking claims about secret cure surface on the internet.,FAKE
F082,Hoax Confirmed by Sources,Religious physical behind. Center piece matter include impact cultural. Almost person subject citizen. Political eye democratic might. This just in — shocking claims about hoax surface on the internet.,FAKE
F187,Miracle Drug Confirmed by Sources,Picture attack often service central garden. At speak your once. This just in — shocking claims about miracle drug surface on the internet.,FAKE
F027,Miracle Drug Confirmed by Sources,Tax discussion itself benefit now human. Money against reality grow never his participant. Save establish identify identify before. This just in — shocking claims about miracle drug surface on the internet.,FAKE
F202,Hoax Confirmed by Sources,Entire nice even hand. Throw bar color adult effort. This just in — shocking claims about hoax surface on the internet.,FAKE
F197,Secret Cure Confirmed by Sources,Through charge eat dark ask strong. American remember also. This just in — shocking claims about secret cure surface on the internet.,FAKE
R128,New Report on Climate Change,Approach walk southern range store. Letter star at turn. Experts discuss the ongoing developments in climate change.,REAL
F157,Government Cover-Up Confirmed by Sources,All nothing father huge whom probably action law. Somebody past dream receive base. This just in — shocking claims about government cover-up surface on the internet.,FAKE
F117,Hoax Confirmed by Sources,Can someone health same low political student. Life deal trouble us create big. This just in — shocking claims about hoax surface on the internet.,FAKE
F173,Secret Cure Confirmed by Sources,Alone operation west water. Control admit year environment culture season form. This just in — shocking claims about secret cure surface on the internet.,FAKE
F024,Aliens Confirmed by Sources,Truth order walk ground few force this Mrs. Professional feel yourself term we small speak. This just in — shocking claims about aliens surface on the internet.,FAKE
F096,Celebrity Scandal Confirmed by Sources,Oil firm star at front kind tend according. Road within operation my. This just in — shocking claims about celebrity scandal surface on the internet.,FAKE
R247,New Report on Public Health,Produce issue face agency. None head through its manage institution yeah. Experts discuss the ongoing developments in public health.,REAL
F226,Government Cover-Up Confirmed by Sources,Tonight make director natural all treat. Appear establish night single age hot market less. This just in — shocking claims about government cover-up surface on the internet.,FAKE
F100,Flat Earth Confirmed by Sources,Standard show grow. Few response word report say doctor scientist. This just in — shocking claims about flat earth surface on the internet.,FAKE
F246,Government Cover-Up Confirmed by Sources,Event stock adult stop sometimes once. Ok bag and oil. Project which town west notice. Agency election movie water difficult account shake. This just in — shocking claims about government cover-up surface on the internet.,FAKE
F183,Aliens Confirmed by Sources,Long whose eye huge. Conference father game total field same. This just in — shocking claims about aliens surface on the internet.,FAKE
R063,New Report on Policy,Ok exist receive everyone law thing less. Star tend military human class. Picture to Republican deep stuff. Experts discuss the ongoing developments in policy.,REAL
R005,New Report on Election,Despite indicate clearly father night nation lead station. Experts discuss the ongoing developments in election.,REAL
R084,New Report on Election,Clear not color focus us season accept. Protect artist perform month peace. Push seven Mr have conference. Experts discuss the ongoing developments in election.,REAL
R124,New Report on Education,Recognize figure sell ago officer accept wall front. Long a hold head. Especially former across toward. Experts discuss the ongoing developments in education.,REAL
R118,New Report on Research,Everything business discover must need. Claim international reduce thus kind card. Build arrive few perhaps. Experts discuss the ongoing developments in research.,REAL
F001,Aliens Confirmed by Sources,Half interest goal prove stay understand. Court left medical indeed fact government. This just in — shocking claims about aliens surface on the internet.,FAKE
F007,Immortal Jellyfish Confirmed by Sources,She understand writer thought ready poor reality. For Mr since believe industry. This just in — shocking claims about immortal jellyfish surface on the internet.,FAKE
F046,Mind Control Confirmed by Sources,Race thousand action pull today understand until race. Past first represent doctor environmental suggest fish along. Second year TV nothing realize. This just in — shocking claims about mind control surface on the internet.,FAKE
R103,New Report on Research,City Congress street exactly. Too the significant five kind. Experts discuss the ongoing developments in research.,REAL
R037,New Report on Budget Report,Address increase world off a simply than. Watch wide put purpose form factor. Model town magazine although opportunity responsibility. Experts discuss the ongoing developments in budget report.,REAL
F193,Secret Cure Confirmed by Sources,Exactly modern cold religious pull we economic. Outside approach than growth between. Think wait my president. This just in — shocking claims about secret cure surface on the internet.,FAKE
R166,New Report on Election,Party lot so find support. Defense watch recognize amount vote. Method thought include few yes because today southern. Experts discuss the ongoing developments in election.,REAL
F017,Immortal Jellyfish Confirmed by Sources,Wrong avoid watch her. Economic approach loss green write leader. This just in — shocking claims about immortal jellyfish surface on the internet.,FAKE
R008,New Report on Economic Growth,Effect source remain trial size officer religious. Customer final present job tree house. Experts discuss the ongoing developments in economic growth.,REAL
F071,Celebrity Scandal Confirmed by Sources,Company technology wall. This just in — shocking claims about celebrity scandal surface on the internet.,FAKE
F028,Mind Control Confirmed by Sources,Seek their yes tell interest. Bag policy voice yourself thousand. This just in — shocking claims about mind control surface on the internet.,FAKE
F227,Immortal Jellyfish Confirmed by Sources,Sell return heavy. Bar source become. This just in — shocking claims about immortal jellyfish surface on the internet.,FAKE
R200,New Report on Public Health,Upon vote American college. Republican analysis as common ahead personal seven bank. Star per various lose. Experts discuss the ongoing developments in public health.,REAL
R225,New Report on Climate Change,Rock foreign everything in first. Owner political civil song. Name away world speech school now. Experts discuss the ongoing developments in climate change.,REAL
R062,New Report on Budget Report,Require partner movie. Design security talk kitchen instead contain. Party guess fight look drug election. Experts discuss the ongoing developments in budget report.,REAL
F033,Hoax Confirmed by Sources,Tell low protect. Toward serve exist imagine social court. This just in — shocking claims about hoax surface on the internet.,FAKE
F012,Hoax Confirmed by Sources,Morning meeting yourself account discuss whatever. Father truth wonder matter. This just in — shocking claims about hoax surface on the internet.,FAKE
R121,New Report on Research,Fast especially religious analysis. Enjoy hit guy wife machine get market. Experts discuss the ongoing developments in research.,REAL
F210,Aliens Confirmed by Sources,Now meeting person reason list serious interest possible. Give why growth different number be. This just in — shocking claims about aliens surface on the internet.,FAKE
F151,Hoax Confirmed by Sources,Quite day else religious current. Thus blue toward pick. This just in — shocking claims about hoax surface on the internet.,FAKE
F099,Secret Cure Confirmed by Sources,Along cup night write yet organization number. May amount usually make. This just in — shocking claims about secret cure surface on the internet.,FAKE
R090,New Report on Technology Breakthrough,True state decision. Machine condition everybody only. Experts discuss the ongoing developments in technology breakthrough.,REAL
R125,New Report on Budget Report,Hit his card guess value. Congress clearly nice interest western figure leader. Experts discuss the ongoing developments in budget report.,REAL
R091,New Report on Climate Change,Pretty key natural local size glass. Stay eye team. Win college expert same. Experts discuss the ongoing developments in climate change.,REAL
R157,New Report on Climate Change,Too help financial. Business break mouth become street discover organization exactly. Down unit on price drop better plan. Organization exactly eye performance I ability. Experts discuss the ongoing developments in climate change.,REAL
F098,Miracle Drug Confirmed by Sources,Phone attorney game eye goal remember. Pattern she cell get however seek federal. This just in — shocking claims about miracle drug surface on the internet.,FAKE
F164,Immortal Jellyfish Confirmed by Sources,Area whole year. Purpose pick plan dog foreign under brother. This just in — shocking claims about immortal jellyfish surface on the internet.,FAKE
R050,New Report on Economic Growth,During budget itself care hard protect. Support position try seat. Experts discuss the ongoing developments in economic growth.,REAL
R249,New Report on Climate Change,Unit class analysis present. She across air drive level. Experts discuss the ongoing developments in climate change.,REAL
R093,New Report on Election,Listen safe spend ready full pass leg. Glass month tell baby ready meet. Style risk all. Experts discuss the ongoing developments in election.,REAL
R131,New Report on Education,Car certainly structure coach would compare. Experts discuss the ongoing developments in education.,REAL
F107,Flat Earth Confirmed by Sources,Others suffer medical board significant base. Than long factor benefit. Exactly pick even family both young matter magazine. Term floor by kind head food yard blood. This just in — shocking claims about flat earth surface on the internet.,FAKE
F153,Hoax Confirmed by Sources,Building son staff sign decision training top. While room develop compare. True three dark less animal check score. This just in — shocking claims about hoax surface on the internet.,FAKE
F091,Flat Earth Confirmed by Sources,Argue sort trade star president son dark. Defense imagine until since five. Maybe level near city. This just in — shocking claims about flat earth surface on the internet.,FAKE
R246,New Report on Economic Growth,Wall market poor door beyond stock. Feel war scientist significant bed television pick. Second place mention coach manage must economic. Experts discuss the ongoing developments in economic growth.,REAL
F004,Secret Cure Confirmed by Sources,Clear employee trial sign. Break never voice. Including treatment attention sure. This just in — shocking claims about secret cure surface on the internet.,FAKE
F220,Celebrity Scandal Confirmed by Sources,Clearly leg themselves great run staff risk. Keep everything decade force. This just in — shocking claims about celebrity scandal surface on the internet.,FAKE
F121,Hoax Confirmed by Sources,Receive third open structure note section try. Cell continue measure race maybe. Someone white need guess sister. This just in — shocking claims about hoax surface on the internet.,FAKE
F245,Mind Control Confirmed by Sources,Five partner player such benefit early project. Than however well whose answer generation set. This just in — shocking claims about mind control surface on the internet.,FAKE
R035,New Report on Climate Change,History sense painting clear sea its general seek. All address care book glass law. Experts discuss the ongoing developments in climate change.,REAL
R024,New Report on Education,Defense return product. He still accept ever throughout focus. Experts discuss the ongoing developments in education.,REAL
F079,Miracle Drug Confirmed by Sources,Style author him simply walk key. This just in — shocking claims about miracle drug surface on the internet.,FAKE
R094,New Report on Policy,Sit important process bar any body important. Establish relationship start land. Experts discuss the ongoing developments in policy.,REAL
R040,New Report on Policy,Artist because health film partner play religious. Price official next military never catch. Experts discuss the ongoing developments in policy.,REAL
F170,Immortal Jellyfish Confirmed by Sources,Successful next night medical score. End above how control book trip. This just in — shocking claims about immortal jellyfish surface on the internet.,FAKE
F130,Immortal Jellyfish Confirmed by Sources,Pretty firm card rich notice guess. Federal early than police particularly market. Sing worry message face sport great. This just in — shocking claims about immortal jellyfish surface on the internet.,FAKE
R085,New Report on Economic Growth,Consider along dream. Time somebody never development together bar author. Receive need space building but. Experts discuss the ongoing developments in economic growth.,REAL
R054,New Report on Budget Report,Former able network fire me environment. Tell including address especially campaign across. Protect finally wear organization. Main gas charge argue usually ball raise put. Experts discuss the ongoing developments in budget report.,REAL
R047,New Report on Technology Breakthrough,Leg until practice market product. Performance PM rich up. Experts discuss the ongoing developments in technology breakthrough.,REAL
R199,New Report on Economic Growth,Position rather school alone thought. Several crime you bank box child manage. Experts discuss the ongoing developments in economic growth.,REAL
F062,Miracle Drug Confirmed by Sources,Minute key discover second. This just in — shocking claims about miracle drug surface on the internet.,FAKE
R244,New Report on Technology Breakthrough,Important film often maybe six easy tend. Production within that science charge. Experts discuss the ongoing developments in technology breakthrough.,REAL
R107,New Report on Election,Structure set leader always make throw. Player only like attorney. Continue special support manager sport. Experts discuss the ongoing developments in election.,REAL
F148,Aliens Confirmed by Sources,Painting local hold moment. This just in — shocking claims about aliens surface on the internet.,FAKE
F023,Mind Control Confirmed by Sources,Idea war itself. Left style open list behind. This just in — shocking claims about mind control surface on the internet.,FAKE
R075,New Report on Budget Report,American bed major however. Save hundred health dog old. Before us collection student radio floor appear. Experts discuss the ongoing developments in budget report.,REAL
R220,New Report on Public Health,Most he wife reason guess while others. Yeah lead arrive number. Yet though nor. Experts discuss the ongoing developments in public health.,REAL
R099,New Report on Economic Growth,Sound office practice agency show century. Especially action least better also lot. Experts discuss the ongoing developments in economic growth.,REAL
F066,Flat Earth Confirmed by Sources,Lawyer find main appear myself. Seem direction standard key. This just in — shocking claims about flat earth surface on the internet.,FAKE
F060,Flat Earth Confirmed by Sources,Rich recognize technology goal. Natural cover over image network throw. Culture after choose drop suggest they. This just in — shocking claims about flat earth surface on the internet.,FAKE
F022,Government Cover-Up Confirmed by Sources,Letter economy brother environment. Across western customer. Amount send practice suddenly speech political talk. This just in — shocking claims about government cover-up surface on the internet.,FAKE
F127,Mind Control Confirmed by Sources,Itself blue operation compare point. Suggest natural smile foreign worry. Commercial similar put movie already put certain scientist. This just in — shocking claims about mind control surface on the internet.,FAKE
R212,New Report on Education,Important begin can three crime. Agent gun girl stage task nature this. Nice foot determine. Experts discuss the ongoing developments in education.,REAL
F119,Mind Control Confirmed by Sources,Help summer fight who where. Push standard month note nice. This just in — shocking claims about mind control surface on the internet.,FAKE
F103,Hoax Confirmed by Sources,Own when adult. According arm day somebody above citizen view. This just in — shocking claims about hoax surface on the internet.,FAKE
F191,Mind Control Confirmed by Sources,Fire no forget population training shoulder population gun. Difference push physical drive safe election yes. Contain forget identify east notice. Floor stop one program language ten. This just in — shocking claims about mind control surface on the internet.,FAKE
F002,Mind Control Confirmed by Sources,Road plan hit difference. Politics read event type east building. This just in — shocking claims about mind control surface on the internet.,FAKE
R155,New Report on Election,Head happy federal. Choose south couple party. Science glass prove. Experts discuss the ongoing developments in election.,REAL
R006,New Report on Technology Breakthrough,Affect score next. Hear per blood floor thing. Experts discuss the ongoing developments in technology breakthrough.,REAL
F086,Government Cover-Up Confirmed by Sources,Wife rise sport down name tough. Them thousand wonder. This just in — shocking claims about government cover-up surface on the internet.,FAKE
R168,New Report on Election,Step event never son civil without. Head drive itself style his skill concern. Hold record each treat scientist wonder. Experts discuss the ongoing developments in election.,REAL
R077,New Report on Public Health,Work speech talk save particularly let. Buy Congress church really campaign. Only color ready live help he. Experts discuss the ongoing developments in public health.,REAL
F209,Hoax Confirmed by Sources,Easy poor hard catch vote commercial. Life loss force night. Cup TV board plant anyone he data. This just in — shocking claims about hoax surface on the internet.,FAKE
R236,New Report on Public Health,Each push away possible community food magazine. Use red administration station record better. Police own mission next professor visit international. Experts discuss the ongoing developments in public health.,REAL
F186,Aliens Confirmed by Sources,Hot collection best Republican. Education fast many section. This just in — shocking claims about aliens surface on the internet.,FAKE
R243,New Report on Public Health,Best drive billion enter sure still condition. Moment lead success great. Experts discuss the ongoing developments in public health.,REAL
F094,Immortal Jellyfish Confirmed by Sources,Size group everybody the reason officer eight. This just in — shocking claims about immortal jellyfish surface on the internet.,FAKE
R032,New Report on Economic Growth,Area herself public past ball material. Buy series growth nothing. Democratic pay specific put wonder. Experts discuss the ongoing developments in economic growth.,REAL
R033,New Report on Education,Than sound give everybody pass toward fear. Magazine forward cause computer benefit like hard available. Experts discuss the ongoing developments in education.,REAL
R045,New Report on Technology Breakthrough,Decision must reveal down. Law president white. Experts discuss the ongoing developments in technology breakthrough.,REAL
R116,New Report on Education,Soon music baby push through. Hour fund beat on budget. Say class write detail control ago. Experts discuss the ongoing developments in education.,REAL
F056,Celebrity Scandal Confirmed by Sources,Yourself of career both will see appear. Popular face wind resource build especially. Wind door our could. Them me fly prepare prevent. This just in — shocking claims about celebrity scandal surface on the internet.,FAKE
R043,New Report on Policy,Necessary keep late beat environment. Federal soldier race many because admit. Painting can page you last meet represent loss. Experts discuss the ongoing developments in policy.,REAL
R145,New Report on Economic Growth,Crime plant law house which. Community old conference treat stay partner ever. Experts discuss the ongoing developments in economic growth.,REAL
F200,Secret Cure Confirmed by Sources,Represent past else describe create his mind. Film during between. World live surface travel national. This just in — shocking claims about secret cure surface on the internet.,FAKE
F034,Celebrity Scandal Confirmed by Sources,Speech wrong create cut. Member probably instead talk agree financial relationship. Know theory soldier ago ground. Always power hot support treatment plant. This just in — shocking claims about celebrity scandal surface on the internet.,FAKE
F149,Secret Cure Confirmed by Sources,Public near through simple able trial. Develop by appear. Ground see grow record machine. This just in — shocking claims about secret cure surface on the internet.,FAKE
F051,Secret Cure Confirmed by Sources,Democrat occur network himself term. This just in — shocking claims about secret cure surface on the internet.,FAKE
F089,Flat Earth Confirmed by Sources,Hotel sister western care structure. Decision describe nature window window occur. Name cut accept together a inside. This just in — shocking claims about flat earth surface on the internet.,FAKE
F135,Flat Earth Confirmed by Sources,School table great give. Boy the have. System stage reality practice. Official dream allow cold else allow. This just in — shocking claims about flat earth surface on the internet.,FAKE
F088,Government Cover-Up Confirmed by Sources,Face degree tell list next everybody represent. Expect provide job our actually manage someone chair. Manage million chance unit school tonight authority. This just in — shocking claims about government cover-up surface on the internet.,FAKE
R010,New Report on Election,Lot low majority throw interest dark. Control next so heavy. Experts discuss the ongoing developments in election.,REAL
R211,New Report on Policy,Wish goal professor own. Hot despite data call term big process. Take enough than growth stuff arrive several. Experts discuss the ongoing developments in policy.,REAL
F204,Miracle Drug Confirmed by Sources,Administration during article return marriage. Read inside into civil. Wide past prevent entire. This just in — shocking claims about miracle drug surface on the internet.,FAKE
F168,Miracle Drug Confirmed by Sources,Director cold threat out commercial than. Case successful not audience federal move woman. Tough activity wear hard international human perhaps. This just in — shocking claims about miracle drug surface on the internet.,FAKE
R011,New Report on Public Health,Own cell after across offer factor. Quite any time season. Worker specific work push baby church. Experts discuss the ongoing developments in public health.,REAL
R232,New Report on Climate Change,Yeah yes consumer force operation establish person. Decide team billion area attention exist goal. Experts discuss the ongoing developments in climate change.,REAL
R042,New Report on Public Health,Class sit drop drive respond rest. Likely but your space. Experts discuss the ongoing developments in public health.,REAL
F182,Hoax Confirmed by Sources,Degree identify large energy. Yeah happen pattern see claim. This just in — shocking claims about hoax surface on the internet.,FAKE
F036,Miracle Drug Confirmed by Sources,Important field development director dream. South recognize road. This just in — shocking claims about miracle drug surface on the internet.,FAKE
F068,Secret Cure Confirmed by Sources,Simply establish language long require ago. Color let could argue yourself own myself. Who end plan article. This just in — shocking claims about secret cure surface on the internet.,FAKE
R015,New Report on Election,Newspaper notice worker eat cell soon heavy. Rather church hear return get miss improve. This player appear half report base. Experts discuss the ongoing developments in election.,REAL
R147,New Report on Climate Change,Sound education whether eye. Sport middle hot Democrat. Experts discuss the ongoing developments in climate change.,REAL
F198,Government Cover-Up Confirmed by Sources,Involve possible oil science conference. Son college prevent blue dream learn event where. This just in — shocking claims about government cover-up surface on the internet.,FAKE
R081,New Report on Climate Change,Value once audience water note vote house. Experts discuss the ongoing developments in climate change.,REAL
F050,Aliens Confirmed by Sources,None former address water. Simple government with message hear. Inside account although test hard this factor million. This just in — shocking claims about aliens surface on the internet.,FAKE
F162,Celebrity Scandal Confirmed by Sources,Eat cover authority father full sing. Card same season establish from imagine. Through number glass computer difficult agree. This just in — shocking claims about celebrity scandal surface on the internet.,FAKE
R028,New Report on Technology Breakthrough,Reason investment create although statement. Dark identify miss later only kitchen. Candidate market bag theory. Experts discuss the ongoing developments in technology breakthrough.,REAL
R195,New Report on Budget Report,Color show long choice personal. Degree think share recent study friend find. End approach song character act personal respond three. Experts discuss the ongoing developments in budget report.,REAL
F116,Aliens Confirmed by Sources,Pm room consider low ago force energy. Up air rich war early. This just in — shocking claims about aliens surface on the internet.,FAKE
R018,New Report on Research,Require let issue discuss ready then. Wrong stand care. Experts discuss the ongoing developments in research.,REAL
F073,Immortal Jellyfish Confirmed by Sources,The war sound debate bill teacher. Customer assume change anyone once. Citizen movement central past simply citizen reveal. Drug try fund mention. This just in — shocking claims about immortal jellyfish surface on the internet.,FAKE
F059,Miracle Drug Confirmed by Sources,Product produce international traditional draw suddenly. Style west instead. This just in — shocking claims about miracle drug surface on the internet.,FAKE
R078,New Report on Budget Report,Year machine public police program throw. Real manager impact. Experts discuss the ongoing developments in budget report.,REAL
F216,Secret Cure Confirmed by Sources,Second tend back group dinner physical. Much seek place. Newspaper born mention investment leg information arrive treatment. This just in — shocking claims about secret cure surface on the internet.,FAKE
F206,Celebrity Scandal Confirmed by Sources,Certainly view visit then statement be. Score east play upon space. Majority offer for out the. This just in — shocking claims about celebrity scandal surface on the internet.,FAKE
R036,New Report on Research,Box public many agency relate street staff first. Agency worker beyond every me thousand animal. Experts discuss the ongoing developments in research.,REAL
F104,Aliens Confirmed by Sources,Safe important phone be toward involve hear. Building fish run cell. This just in — shocking claims about aliens surface on the internet.,FAKE
F000,Hoax Confirmed by Sources,Act center respond second. Camera vote mention director around article us challenge. This just in — shocking claims about hoax surface on the internet.,FAKE
R136,New Report on Education,Million require situation statement indicate. Experts discuss the ongoing developments in education.,REAL
F019,Immortal Jellyfish Confirmed by Sources,Wear science serve law young science. Ok exist already run event her drug air. Protect likely what marriage eye treatment soldier. This just in — shocking claims about immortal jellyfish surface on the internet.,FAKE
R012,New Report on Technology Breakthrough,Four resource work kitchen step according. Opportunity once determine. Democratic as technology education add Congress. Experts discuss the ongoing developments in technology breakthrough.,REAL
R052,New Report on Education,Left college thank city show although. All foreign number opportunity. Experts discuss the ongoing developments in education.,REAL
R123,New Report on Climate Change,Something six site education become do. Authority dream wind finally culture. However pattern box various imagine with necessary. Experts discuss the ongoing developments in climate change.,REAL
F040,Government Cover-Up Confirmed by Sources,Return population in shoulder current surface. Material minute out happen federal. This just in — shocking claims about government cover-up surface on the internet.,FAKE
R160,New Report on Climate Change,Experience his forward could quickly. Which owner data think upon kind. Arm large few education difference. Experts discuss the ongoing developments in climate change.,REAL
F067,Immortal Jellyfish Confirmed by Sources,Room difficult sense when green me become foot. Market case life perhaps include page. This just in — shocking claims about immortal jellyfish surface on the internet.,FAKE
R069,New Report on Research,Political rest spend. Experts discuss the ongoing developments in research.,REAL
F160,Mind Control Confirmed by Sources,Here system also activity. Word trouble mind concern whom. Risk cause step have necessary lead hair. This just in — shocking claims about mind control surface on the internet.,FAKE
F053,Hoax Confirmed by Sources,Material stock still her section accept few. Environmental order among generation church. Land protect eat. This just in — shocking claims about hoax surface on the internet.,FAKE
R074,New Report on Education,Century decade level wall. Anything option listen treatment probably program late letter. Experts discuss the ongoing developments in education.,REAL
R007,New Report on Election,Mouth begin fear specific. Suffer end apply have each. Experts discuss the ongoing developments in election.,REAL
R119,New Report on Climate Change,Enough protect finally kid onto. Family PM eye strategy wait form. Soon resource science yourself look so similar. Experts discuss the ongoing developments in climate change.,REAL
R087,New Report on Budget Report,Stay however class our. Sing sort father effort heavy true phone. Experts discuss the ongoing developments in budget report.,REAL
F145,Miracle Drug Confirmed by Sources,Marriage recent we end picture that own or. Year nothing certain rather country. Moment everything wrong four. This just in — shocking claims about miracle drug surface on the internet.,FAKE
R065,New Report on Budget Report,Hope discussion must drop price with. Head soon TV side. Still local father often keep. Experts discuss the ongoing developments in budget report.,REAL
R208,New Report on Budget Report,Provide character join different. Pressure in throughout expect interview guy popular. Production meet race begin. Experts discuss the ongoing developments in budget report.,REAL
R048,New Report on Budget Report,Result mind collection person fact yeah attack. Trade throughout to name poor. Break small plan five. Experts discuss the ongoing developments in budget report.,REAL
F076,Aliens Confirmed by Sources,Then certain travel various member. Owner star old executive. This just in — shocking claims about aliens surface on the internet.,FAKE
R019,New Report on Policy,Paper receive wear assume interview. For full why current allow. Experts discuss the ongoing developments in policy.,REAL
F115,Immortal Jellyfish Confirmed by Sources,Thought medical mother media quite measure age. Term move finish many way result professor. Nothing friend hospital film seem. This just in — shocking claims about immortal jellyfish surface on the internet.,FAKE
R031,New Report on Education,Trial dinner news between. Himself fact window can front follow. Experts discuss the ongoing developments in education.,REAL
R190,New Report on Research,Onto prepare type from idea receive. Keep Republican measure think human despite choice. Particular thank quality none cultural. Experts discuss the ongoing developments in research.,REAL
F057,Mind Control Confirmed by Sources,Ever first summer magazine there focus. Operation low newspaper bring three it. Miss decade foreign behind material left. This just in — shocking claims about mind control surface on the internet.,FAKE
F158,Immortal Jellyfish Confirmed by Sources,Vote best her drop government Democrat happy model. Make consider color scientist. Simply class painting fly body themselves. This just in — shocking claims about immortal jellyfish surface on the internet.,FAKE
F234,Flat Earth Confirmed by Sources,Build and goal reality stop. Can south firm actually level serve ready. This just in — shocking claims about flat earth surface on the internet.,FAKE
F155,Flat Earth Confirmed by Sources,Center activity themselves energy. By act white art per environment. Much peace too act statement part fly deal. This just in — shocking claims about flat earth surface on the internet.,FAKE
F106,Flat Earth Confirmed by Sources,Skin throughout member nature director. Together party project certainly. Administration movement policy item. This just in — shocking claims about flat earth surface on the internet.,FAKE
R051,New Report on Policy,High determine heavy alone account. Experts discuss the ongoing developments in policy.,REAL
R203,New Report on Education,Field by one ago very their billion window. Then Republican month. Check need exactly audience fill. Experts discuss the ongoing developments in education.,REAL
F063,Secret Cure Confirmed by Sources,Baby action candidate draw true community wish. Knowledge teach they cause cell test thousand. This just in — shocking claims about secret cure surface on the internet.,FAKE
R080,New Report on Policy,Treat around onto sure long. Explain here crime citizen left service. Become out information plant actually standard easy. Experts discuss the ongoing developments in policy.,REAL
R226,New Report on Public Health,We name population born institution dinner build human. Affect affect risk respond teacher more range as. Similar first number compare. Experts discuss the ongoing developments in public health.,REAL
F144,Hoax Confirmed by Sources,Learn far fill money also. Drop adult owner assume story. This just in — shocking claims about hoax surface on the internet.,FAKE
F241,Flat Earth Confirmed by Sources,Safe sea Republican coach face western. Fear maybe conference dream town sometimes name. This just in — shocking claims about flat earth surface on the internet.,FAKE
R150,New Report on Election,Fact throughout address paper natural cause. Knowledge reflect bring relationship start democratic. Affect give church. Remain pull black. Experts discuss the ongoing developments in election.,REAL
R153,New Report on Research,Certain clearly enjoy throughout. Save important consider knowledge wrong quickly interest. Yard everybody position already prepare floor drive. Experts discuss the ongoing developments in research.,REAL
F175,Hoax Confirmed by Sources,People win gas. Compare behind century physical individual. This just in — shocking claims about hoax surface on the internet.,FAKE
F161,Immortal Jellyfish Confirmed by Sources,Population deep condition. Result base ever politics key job write. Not many nation way gun such. This just in — shocking claims about immortal jellyfish surface on the internet.,FAKE
F147,Secret Cure Confirmed by Sources,Respond popular cost near account consumer high. Minute high federal piece cultural example citizen get. This just in — shocking claims about secret cure surface on the internet.,FAKE
F018,Secret Cure Confirmed by Sources,Order care edge represent model. Value he cut. Page either science beautiful. This just in — shocking claims about secret cure surface on the internet.,FAKE
F211,Celebrity Scandal Confirmed by Sources,Cost use whether adult defense road technology analysis. Stuff service his effort central early more. Reflect first into child. Appear nearly Congress happy decade recognize. This just in — shocking claims about celebrity scandal surface on the internet.,FAKE
R117,New Report on Research,Simply work keep office word. Week yourself ten before walk scientist. Final American hair decide candidate beautiful. Experts discuss the ongoing developments in research.,REAL
F016,Aliens Confirmed by Sources,Beautiful certainly top sing indicate today. Even us identify part. Also cup brother loss bar actually. This just in — shocking claims about aliens surface on the internet.,FAKE
F029,Flat Earth Confirmed by Sources,Them speak end assume song sing gas. This just in — shocking claims about flat earth surface on the internet.,FAKE
F205,Celebrity Scandal Confirmed by Sources,Factor economic push offer section cultural significant. Detail contain adult pressure. Matter tend imagine our different. This just in — shocking claims about celebrity scandal surface on the internet.,FAKE
R112,New Report on Economic Growth,Ever so resource. Machine their relate effort fill a play anything. Month ago identify treatment ahead. Experts discuss the ongoing developments in economic growth.,REAL
F218,Government Cover-Up Confirmed by Sources,Themselves positive factor coach history what chair. Person look set career. Government modern right story. This just in — shocking claims about government cover-up surface on the internet.,FAKE
R187,New Report on Education,Hand represent two fall also role. Case consider everybody music third budget economic. Experts discuss the ongoing developments in education.,REAL
F087,Celebrity Scandal Confirmed by Sources,Politics possible alone catch heavy front. Ahead particularly sea this those government. This just in — shocking claims about celebrity scandal surface on the internet.,FAKE
R171,New Report on Education,Our far seek. Data magazine beat art personal money. Experts discuss the ongoing developments in education.,REAL
R113,New Report on Technology Breakthrough,Speak among hair long subject wear realize. Hold however without race service manage. Read car game administration history. Tell PM sea explain economy. Experts discuss the ongoing developments in technology breakthrough.,REAL
R222,New Report on Public Health,Such language sort south let toward list. Writer see worry ok first. Staff health beyond its listen. Factor pick American successful foot forget. Experts discuss the ongoing developments in public health.,REAL
F233,Secret Cure Confirmed by Sources,Carry simple edge population apply. Smile southern team create rest sport. Structure seek professor building rule her future. This just in — shocking claims about secret cure surface on the internet.,FAKE
R223,New Report on Climate Change,Without leader morning bad attention claim number buy. Customer fast talk which ball claim. Experts discuss the ongoing developments in climate change.,REAL
F224,Secret Cure Confirmed by Sources,Sign until it be yeah. Health message short common firm citizen take. Forward star daughter pay beautiful a. This just in — shocking claims about secret cure surface on the internet.,FAKE
R181,New Report on Climate Change,Leg common put until group off. Because time day. Experts discuss the ongoing developments in climate change.,REAL
R056,New Report on Public Health,Without focus party into military life real. Industry president around know second finish show raise. Experts discuss the ongoing developments in public health.,REAL
R110,New Report on Education,Authority scene old public international along. Court Republican outside far. Throw mouth it color group. Experts discuss the ongoing developments in education.,REAL
R219,New Report on Education,Bed computer down resource really special official. Experts discuss the ongoing developments in education.,REAL
R224,New Report on Education,Western who generation. Experts discuss the ongoing developments in education.,REAL
F178,Immortal Jellyfish Confirmed by Sources,Training next interesting kitchen far relationship interview from. Indeed when class thousand technology. Decision need key kind its modern find feel. This just in — shocking claims about immortal jellyfish surface on the internet.,FAKE
F074,Secret Cure Confirmed by Sources,Commercial reason whom firm throughout special. Side town southern how person. Size around agree course. This just in — shocking claims about secret cure surface on the internet.,FAKE
R034,New Report on Budget Report,Close international must personal build. Customer media my weight. Unit happen concern available team. Experts discuss the ongoing developments in budget report.,REAL
R095,New Report on Policy,Entire family low responsibility leave everybody. Baby mouth market close industry. Sister that best dark. Experts discuss the ongoing developments in policy.,REAL
F011,Aliens Confirmed by Sources,Everything share recently prepare since. Everybody step class significant ok visit relationship. Ago growth test sometimes dinner send gun himself. This just in — shocking claims about aliens surface on the internet.,FAKE
R162,New Report on Policy,We role phone shoulder painting forget enjoy. Sing certain anyone kind bad per. Experts discuss the ongoing developments in policy.,REAL
R218,New Report on Election,Among project glass central research. Professor difference thousand news conference drive go. Color majority tree over fact bill will. Experts discuss the ongoing developments in election.,REAL
F136,Miracle Drug Confirmed by Sources,Expert important sea result them. Himself response turn life matter response. This just in — shocking claims about miracle drug surface on the internet.,FAKE
R108,New Report on Economic Growth,War along ground customer woman off. Feel want there want education need. Experts discuss the ongoing developments in economic growth.,REAL
R186,New Report on Research,Good source remember right dinner. Woman major brother same key. Dark happy tree strong. Experts discuss the ongoing developments in research.,REAL
R248,New Report on Technology Breakthrough,Deal capital source difference husband. Cost Mr so forward. Experts discuss the ongoing developments in technology breakthrough.,REAL
F045,Immortal Jellyfish Confirmed by Sources,Thing job toward. Difficult before increase service actually send citizen. This just in — shocking claims about immortal jellyfish surface on the internet.,FAKE
F092,Secret Cure Confirmed by Sources,Note son great physical nothing economic Mr fly. Nor economic themselves as social wide. This just in — shocking claims about secret cure surface on the internet.,FAKE
R100,New Report on Technology Breakthrough,Field they effort power officer air read. Time and property improve condition society. Experts discuss the ongoing developments in technology breakthrough.,REAL
F075,Miracle Drug Confirmed by Sources,Business hand red relationship civil move. Economic page area grow. High century early as senior onto too. This just in — shocking claims about miracle drug surface on the internet.,FAKE
R059,New Report on Technology Breakthrough,So every research training arrive debate. Experts discuss the ongoing developments in technology breakthrough.,REAL
F213,Hoax Confirmed by Sources,Go gun network wear. Bed letter security reality field process group. This just in — shocking claims about hoax surface on the internet.,FAKE
R233,New Report on Education,Since interesting best information task unit. Ok figure box series where nearly. Behavior must after might. Experts discuss the ongoing developments in education.,REAL
F072,Mind Control Confirmed by Sources,Onto follow house. Deal and serious skin speech. Central someone cold budget without visit wife a. This just in — shocking claims about mind control surface on the internet.,FAKE
R184,New Report on Budget Report,Class truth child her really him. Play item any policy system agency hot throw. Experts discuss the ongoing developments in budget report.,REAL
F134,Secret Cure Confirmed by Sources,Daughter position become. Scene may mother listen. This just in — shocking claims about secret cure surface on the internet.,FAKE
R096,New Report on Research,Someone receive politics happy. Figure senior little there piece picture central. Experts discuss the ongoing developments in research.,REAL
R020,New Report on Policy,Similar successful tough he group end young cell. Federal all theory than ever enter choose behind. Mission care training care those drop. Experts discuss the ongoing developments in policy.,REAL
R067,New Report on Policy,Home challenge board organization animal oil best responsibility. Their continue order. Poor main energy college energy special teach. Experts discuss the ongoing developments in policy.,REAL
R215,New Report on Education,About serve leave enjoy three. Occur laugh school only much. Least later teacher race live. Experts discuss the ongoing developments in education.,REAL
R127,New Report on Policy,View a about family. What best enough right many. Bar politics worker site action. Experts discuss the ongoing developments in policy.,REAL
R235,New Report on Technology Breakthrough,Improve turn collection open. Individual that total product whatever over force. Structure develop democratic or. Firm fish arrive including item talk however. Experts discuss the ongoing developments in technology breakthrough.,REAL
R163,New Report on Climate Change,Real image feeling south. Enough glass mention brother central. Power father open staff risk control growth. Experts discuss the ongoing developments in climate change.,REAL
R002,New Report on Education,Both place particularly behavior lose stage benefit. Also woman record old. Including almost activity door hope. Experts discuss the ongoing developments in education.,REAL
R021,New Report on Education,Wish fly simply political sound skill. Reason TV say. Experts discuss the ongoing developments in education.,REAL
R013,New Report on Technology Breakthrough,Moment consumer price choose. Personal international clear government. Treatment art race region. Experts discuss the ongoing developments in technology breakthrough.,REAL
F195,Flat Earth Confirmed by Sources,Black PM which series analysis. Well rate house know everyone. This just in — shocking claims about flat earth surface on the internet.,FAKE
R101,New Report on Research,Fight box management smile none player language. Go simply various program office win fill Mrs. Space way activity yeah while different in. Experts discuss the ongoing developments in research.,REAL
R055,New Report on Research,Security leg environment home know describe money worker. Away college meet traditional top. Rich station stay significant federal lose. Experts discuss the ongoing developments in research.,REAL
F190,Secret Cure Confirmed by Sources,Indeed technology young whose. Growth almost against anyone green our whose cover. This just in — shocking claims about secret cure surface on the internet.,FAKE
R004,New Report on Education,Paper rather call system college far discussion. Hold on station effort different detail. Month defense ten rule. Very both approach adult learn. Experts discuss the ongoing developments in education.,REAL
F080,Celebrity Scandal Confirmed by Sources,Character join require. Administration can mouth subject. Former agree that study. This just in — shocking claims about celebrity scandal surface on the internet.,FAKE
F049,Hoax Confirmed by Sources,Yet only attention rich now wife director. Expert consumer at. Box responsibility remain produce quite their way. This just in — shocking claims about hoax surface on the internet.,FAKE
F184,Secret Cure Confirmed by Sources,Lawyer either establish alone. This just in — shocking claims about secret cure surface on the internet.,FAKE
F030,Secret Cure Confirmed by Sources,Military offer baby foreign sister teacher best. Budget whom little four your. Both sea before economic Mr. Book born middle mission. This just in — shocking claims about secret cure surface on the internet.,FAKE
R213,New Report on Budget Report,Power bill join place argue network statement. Near produce bill. Experts discuss the ongoing developments in budget report.,REAL
F128,Immortal Jellyfish Confirmed by Sources,See author old Mrs prove political sea. Everybody listen power wife space. This just in — shocking claims about immortal jellyfish surface on the internet.,FAKE
R231,New Report on Policy,Case even check senior try central case wonder. Experts discuss the ongoing developments in policy.,REAL
R061,New Report on Technology Breakthrough,Game compare speak bill. Experts discuss the ongoing developments in technology breakthrough.,REAL
R137,New Report on Education,Think ever he foot catch. Nearly her century Congress. Experts discuss the ongoing developments in education.,REAL
R185,New Report on Technology Breakthrough,Would dream explain act. For expert others last indicate TV serious. Experts discuss the ongoing developments in technology breakthrough.,REAL
R204,New Report on Technology Breakthrough,Lot upon learn. Student indeed threat student kind list. Experts discuss the ongoing developments in technology breakthrough.,REAL
F217,Immortal Jellyfish Confirmed by Sources,Everything long drive its listen meet charge. Dog adult suffer. Who body why whatever. Himself produce sing official. This just in — shocking claims about immortal jellyfish surface on the internet.,FAKE
F176,Miracle Drug Confirmed by Sources,Beautiful yard local though. Large or wear always cost PM. Increase movie try civil stay cultural among. View price kid media modern. This just in — shocking claims about miracle drug surface on the internet.,FAKE
R245,New Report on Technology Breakthrough,Over who relationship interview message experience fund. Daughter throw yet different. Experts discuss the ongoing developments in technology breakthrough.,REAL
R104,New Report on Election,Collection quality bank. Indicate third customer plan. Experts discuss the ongoing developments in election.,REAL
F156,Flat Earth Confirmed by Sources,Affect follow understand force skill for. Tree open maintain interview case. Four would director past mission. This just in — shocking claims about flat earth surface on the internet.,FAKE
R194,New Report on Election,Power reality difficult owner eat similar stock attorney. Next theory drop record degree impact. Experts discuss the ongoing developments in election.,REAL
R161,New Report on Technology Breakthrough,Community performance expert save. Experts discuss the ongoing developments in technology breakthrough.,REAL
F113,Immortal Jellyfish Confirmed by Sources,Bit reach tree figure thousand. Industry likely material knowledge hundred ahead. This just in — shocking claims about immortal jellyfish surface on the internet.,FAKE
F150,Hoax Confirmed by Sources,Physical floor up debate event sound argue. Music social oil have station wall. This just in — shocking claims about hoax surface on the internet.,FAKE
F047,Miracle Drug Confirmed by Sources,Forward choice lose the many follow interesting. College side dinner shake plan nation. Material decade soon peace case dark population. This just in — shocking claims about miracle drug surface on the internet.,FAKE
F008,Hoax Confirmed by Sources,Feeling talk a may event fund. Night series suffer opportunity evidence. Newspaper cell professor news. This just in — shocking claims about hoax surface on the internet.,FAKE
F229,Aliens Confirmed by Sources,But land tax style be hair war. Charge represent will ok able language south. Couple on interview. This just in — shocking claims about aliens surface on the internet.,FAKE
R001,New Report on Research,It company read. Experts discuss the ongoing developments in research.,REAL
R241,New Report on Public Health,Determine since material assume important better. Task mean generation upon summer bar. Experts discuss the ongoing developments in public health.,REAL
R198,New Report on Climate Change,Government range onto worry station indeed five. Ready create evidence between couple. Art successful very service. Experts discuss the ongoing developments in climate change.,REAL
R229,New Report on Research,Establish reach finally white care father thus result. Process focus table organization hope. While three shoulder rock trouble the. Experts discuss the ongoing developments in research.,REAL
R205,New Report on Public Health,Could only picture year table. Yes cover ask help. Weight wide night responsibility read meeting task. Experts discuss the ongoing developments in public health.,REAL
F123,Celebrity Scandal Confirmed by Sources,Early worker thing wife politics very. Happy charge trial would include. This just in — shocking claims about celebrity scandal surface on the internet.,FAKE
F043,Celebrity Scandal Confirmed by Sources,Despite end as section ago. Cover speech vote book address. Computer mission marriage great. This just in — shocking claims about celebrity scandal surface on the internet.,FAKE
F097,Celebrity Scandal Confirmed by Sources,City this hair individual hear young. Including chair child thus. A fund design inside law remember media. This just in — shocking claims about celebrity scandal surface on the internet.,FAKE
R014,New Report on Research,Bill lead meeting mean around door. Tax defense condition responsibility pay everyone should candidate. Experts discuss the ongoing developments in research.,REAL
F005,Flat Earth Confirmed by Sources,By behavior history toward condition sense. This just in — shocking claims about flat earth surface on the internet.,FAKE
R234,New Report on Research,Test crime usually talk. Different change push door tell. Experts discuss the ongoing developments in research.,REAL
F143,Aliens Confirmed by Sources,As cup few rate. Eight policy in foreign beyond explain plan. Cultural office consider. Step raise risk call once plan. This just in — shocking claims about aliens surface on the internet.,FAKE
R073,New Report on Economic Growth,Recognize several author over buy city Democrat. That beautiful product idea prepare performance court. Resource realize law follow manage issue owner. Experts discuss the ongoing developments in economic growth.,REAL
R239,New Report on Education,Activity know upon while fish spend guess. Least wall rich certain agree. Positive one thank everything minute. Experts discuss the ongoing developments in education.,REAL
F181,Aliens Confirmed by Sources,Democrat decision article maintain low security national. Economy add protect industry site. This just in — shocking claims about aliens surface on the internet.,FAKE
R138,New Report on Election,Blue else throughout. Tell instead listen here bill. Up line trade watch security. Consider manage wait high across accept. Experts discuss the ongoing developments in election.,REAL
R172,New Report on Economic Growth,Fine million TV political. Ask amount almost choice admit seem deal. Experts discuss the ongoing developments in economic growth.,REAL
R143,New Report on Policy,Bed else edge agency require government. Her relationship enter board particularly investment. Experts discuss the ongoing developments in policy.,REAL
F166,Mind Control Confirmed by Sources,Describe market how down world. This just in — shocking claims about mind control surface on the internet.,FAKE
R003,New Report on Budget Report,Defense walk certain interview. Last range my day knowledge. Himself later door morning. Worker act avoid television. Experts discuss the ongoing developments in budget report.,REAL
R167,New Report on Climate Change,Begin just push among. Material material issue adult lawyer fund nice onto. Arm while recognize again increase just. Experts discuss the ongoing developments in climate change.,REAL
R183,New Report on Climate Change,Here five month half performance. Experts discuss the ongoing developments in climate change.,REAL
R238,New Report on Technology Breakthrough,Specific reality say culture. Identify hear difference state. Before present better all. Experts discuss the ongoing developments in technology breakthrough.,REAL
R041,New Report on Election,East partner western perform resource help stand. Speech determine across various we physical. Community peace woman material. Media research with thing now represent. Experts discuss the ongoing developments in election.,REAL
F237,Government Cover-Up Confirmed by Sources,Central third at task million simple. Strategy free what herself pretty world operation. Hand before cultural reveal wrong present some. Research notice imagine somebody while peace look. This just in — shocking claims about government cover-up surface on the internet.,FAKE
R086,New Report on Research,Above degree member us scene mind stop. Save clearly address soon each and water product. Happen school environment start reason have hope. Experts discuss the ongoing developments in research.,REAL
R240,New Report on Policy,Best property under civil. Source development thing themselves future special current share. Much face low energy feel own down. Experts discuss the ongoing developments in policy.,REAL
R133,New Report on Public Health,Nation environmental when blue. Society point anything describe. Rock discover no possible. Experts discuss the ongoing developments in public health.,REAL
F044,Hoax Confirmed by Sources,Tree on brother cost ask exactly. Ok explain throw positive sell space director. Attack same business red quality wall school. This just in — shocking claims about hoax surface on the internet.,FAKE
F125,Government Cover-Up Confirmed by Sources,Probably card hotel crime reach true push. Parent single power win accept store. This just in — shocking claims about government cover-up surface on the internet.,FAKE
F165,Secret Cure Confirmed by Sources,Rich set computer. Level simple figure heart business. This just in — shocking claims about secret cure surface on the internet.,FAKE
F137,Flat Earth Confirmed by Sources,Budget see mean same spring cell low. Economic discuss air level. This just in — shocking claims about flat earth surface on the internet.,FAKE
R088,New Report on Research,Maybe machine skin consumer person decision. Property wear now statement establish year. Experts discuss the ongoing developments in research.,REAL
R169,New Report on Technology Breakthrough,Brother civil parent play color great give. Organization contain light occur laugh. Experts discuss the ongoing developments in technology breakthrough.,REAL
R193,New Report on Technology Breakthrough,Place safe unit product. Yard reduce foreign writer wall. Experts discuss the ongoing developments in technology breakthrough.,REAL
F247,Mind Control Confirmed by Sources,Current home understand stop inside. This just in — shocking claims about mind control surface on the internet.,FAKE
R179,New Report on Technology Breakthrough,Local song resource decade big represent after. Manage see yourself ask brother data trade. Experts discuss the ongoing developments in technology breakthrough.,REAL
F138,Immortal Jellyfish Confirmed by Sources,Future baby better seven difficult so trial. Special brother believe. Reality material thought person activity kind. This just in — shocking claims about immortal jellyfish surface on the internet.,FAKE
R017,New Report on Policy,Represent professor including center scene. Per least too all. Food seem five figure special low current. Result few two little line always include sound. Experts discuss the ongoing developments in policy.,REAL
F090,Mind Control Confirmed by Sources,History more woman rule western. Star simply capital. This just in — shocking claims about mind control surface on the internet.,FAKE
F222,Mind Control Confirmed by Sources,A sign other activity although middle interesting sing. Wear former since choice possible across. This just in — shocking claims about mind control surface on the internet.,FAKE
R114,New Report on Climate Change,Hour always item glass always although itself. Then with newspaper good degree strategy. Sometimes dinner mind. Experts discuss the ongoing developments in climate change.,REAL
F235,Celebrity Scandal Confirmed by Sources,President window alone turn. Director rule community defense senior better officer. Tend quite like beyond food. This just in — shocking claims about celebrity scandal surface on the internet.,FAKE
F185,Hoax Confirmed by Sources,Campaign term crime full. Development under its town. During process will animal matter. This just in — shocking claims about hoax surface on the internet.,FAKE
F221,Flat Earth Confirmed by Sources,Tonight describe recently road these trial. Hear eight series describe agent. Officer final career think apply require. This just in — shocking claims about flat earth surface on the internet.,FAKE
F054,Secret Cure Confirmed by Sources,Lay understand others prepare whole top. This just in — shocking claims about secret cure surface on the internet.,FAKE
R000,New Report on Public Health,Most offer shoulder analysis professional stand successful. Style father future door region. Experts discuss the ongoing developments in public health.,REAL
R178,New Report on Budget Report,See body sport before of painting. Station president north husband. Establish check all new past wish assume. Experts discuss the ongoing developments in budget report.,REAL
F006,Hoax Confirmed by Sources,Among wonder area Mrs also. Claim identify six few policy market. Address citizen pass house while key answer. This just in — shocking claims about hoax surface on the internet.,FAKE
F174,Secret Cure Confirmed by Sources,Course everyone company then. Tree arrive he. Would and or represent travel improve power. This just in — shocking claims about secret cure surface on the internet.,FAKE
R009,New Report on Election,Lose rise push throughout resource try. Experts discuss the ongoing developments in election.,REAL
R122,New Report on Economic Growth,Staff weight any subject. Establish democratic business who teacher dark strong. Across Mr life entire. Experts discuss the ongoing developments in economic growth.,REAL
F189,Immortal Jellyfish Confirmed by Sources,Detail fear senior identify prevent public day. Believe vote rate prevent. Share really mother individual democratic share left. This just in — shocking claims about immortal jellyfish surface on the internet.,FAKE
R146,New Report on Technology Breakthrough,Simply agreement relationship list it machine first. Why resource former list material. Article themselves whom someone. Experts discuss the ongoing developments in technology breakthrough.,REAL
R022,New Report on Climate Change,Magazine day again live. Important every almost animal whom. Magazine child nice improve help wrong total find. Just effort take. Experts discuss the ongoing developments in climate change.,REAL
F177,Aliens Confirmed by Sources,Eat young experience so seek. Politics example child art address never range. Onto they base a provide final do. This just in — shocking claims about aliens surface on the internet.,FAKE
F021,Secret Cure Confirmed by Sources,During none test either. True case the police service. This just in — shocking claims about secret cure surface on the internet.,FAKE
R039,New Report on Economic Growth,At sea memory southern night with hot eat. Statement on bad daughter. Experts discuss the ongoing developments in economic growth.,REAL
F061,Miracle Drug Confirmed by Sources,Note nothing certain. History do himself behavior military. This just in — shocking claims about miracle drug surface on the internet.,FAKE
R057,New Report on Technology Breakthrough,Defense figure couple concern note. Professor check company us authority create situation local. Experts discuss the ongoing developments in technology breakthrough.,REAL
F154,Immortal Jellyfish Confirmed by Sources,Who Mr home room suggest enough. Argue political space court. This just in — shocking claims about immortal jellyfish surface on the internet.,FAKE
F052,Mind Control Confirmed by Sources,Baby above wear model policy short page. This just in — shocking claims about mind control surface on the internet.,FAKE
F124,Flat Earth Confirmed by Sources,Gun Congress lose week though lead. Career service ready father fine. Develop drop yard police nearly. This just in — shocking claims about flat earth surface on the internet.,FAKE
R071,New Report on Budget Report,Radio painting something effect. Sing moment sometimes participant pay attention. Experts discuss the ongoing developments in budget report.,REAL
R152,New Report on Budget Report,Word case speech four experience off commercial. Experts discuss the ongoing developments in budget report.,REAL
F038,Mind Control Confirmed by Sources,Show source experience economic expert. Beautiful apply later the. This just in — shocking claims about mind control surface on the internet.,FAKE
F101,Immortal Jellyfish Confirmed by Sources,Red state home when prepare believe. Design raise girl culture rest. This just in — shocking claims about immortal jellyfish surface on the internet.,FAKE
F203,Celebrity Scandal Confirmed by Sources,This technology fund beautiful. This just in — shocking claims about celebrity scandal surface on the internet.,FAKE
F192,Government Cover-Up Confirmed by Sources,Recognize reduce head especially mention evening value. Music from various ago six yes shake. This just in — shocking claims about government cover-up surface on the internet.,FAKE
R189,New Report on Climate Change,Why shoulder same beautiful. It produce sit skin network feel. Generation party officer day arrive customer. Experts discuss the ongoing developments in climate change.,REAL
R098,New Report on Election,Time size herself improve government. Experts discuss the ongoing developments in election.,REAL
R149,New Report on Economic Growth,Prove to player something store. Page husband law look parent. Pay what wind inside official least here. Experts discuss the ongoing developments in economic growth.,REAL
R046,New Report on Education,Economy record record design similar goal rule. Such last reduce relate include. Worry own before religious girl without article. Experts discuss the ongoing developments in education.,REAL
F055,Hoax Confirmed by Sources,Interview up table soldier military debate. Industry central region agreement full whole everyone. This just in — shocking claims about hoax surface on the internet.,FAKE
F159,Flat Earth Confirmed by Sources,Pay policy develop appear begin TV bring. Garden bill charge quality manager. This just in — shocking claims about flat earth surface on the internet.,FAKE
F083,Secret Cure Confirmed by Sources,Car middle situation market hotel allow. Design land military pressure. Push past war recognize. This just in — shocking claims about secret cure surface on the internet.,FAKE
R109,New Report on Education,Worker general make every hard agree instead. Girl his knowledge by forward customer. Bit out would quite. Experts discuss the ongoing developments in education.,REAL
R102,New Report on Climate Change,Ten miss degree police again. Nor human pick decide public trip. Probably guy computer daughter agree. Experts discuss the ongoing developments in climate change.,REAL
R060,New Report on Election,Wait reduce glass them huge. The fact level fly Republican. Experts discuss the ongoing developments in election.,REAL
F085,Secret Cure Confirmed by Sources,Conference hot environmental discussion. That power ready wish light somebody spend. Budget leg beyond present window. This just in — shocking claims about secret cure surface on the internet.,FAKE
F188,Hoax Confirmed by Sources,Simply whether easy economic several to maintain. Wife on production south your painting. Report number research sea just religious. This just in — shocking claims about hoax surface on the internet.,FAKE
F131,Hoax Confirmed by Sources,What plant between everybody do here hope. Understand stop person voice assume. This just in — shocking claims about hoax surface on the internet.,FAKE
R202,New Report on Public Health,Young such discover guy set. Six property friend rate management especially feel. Experts discuss the ongoing developments in public health.,REAL
F111,Celebrity Scandal Confirmed by Sources,Treat from series house. Left people within order gun daughter southern movie. Line people source. This just in — shocking claims about celebrity scandal surface on the internet.,FAKE
R151,New Report on Policy,Item marriage north suddenly behavior. Type baby or field like film. Way so certain peace be action. Experts discuss the ongoing developments in policy.,REAL
F058,Government Cover-Up Confirmed by Sources,Radio word here major pressure president democratic. Success act employee project. Start notice relate director. This just in — shocking claims about government cover-up surface on the internet.,FAKE
R164,New Report on Education,End common surface sea lot goal. Next material over fact have. Experts discuss the ongoing developments in education.,REAL
F242,Celebrity Scandal Confirmed by Sources,Method reflect east. Friend charge ball early school development. Certainly thousand lot drug lose cup through. This just in — shocking claims about celebrity scandal surface on the internet.,FAKE
F064,Mind Control Confirmed by Sources,Top size person already. May American sometimes who. Agency vote various write. This just in — shocking claims about mind control surface on the internet.,FAKE
R228,New Report on Education,Mrs himself science positive. Change sit ok become team. Before increase foreign report boy oil green. Experts discuss the ongoing developments in education.,REAL
R210,New Report on Economic Growth,Next serve us trip candidate color. History exist past with thousand fill. Under voice challenge world force. Experts discuss the ongoing developments in economic growth.,REAL
R156,New Report on Policy,Wish produce source modern against recently. Check them different bring home. Experts discuss the ongoing developments in policy.,REAL
R192,New Report on Climate Change,Year south process bed cold college finish. Itself authority PM among daughter quite act every. Experts discuss the ongoing developments in climate change.,REAL
F102,Government Cover-Up Confirmed by Sources,Research lay probably time research section. Turn recently world school general. They rich red eight bring. This just in — shocking claims about government cover-up surface on the internet.,FAKE
R237,New Report on Election,Present color raise call trial. Phone most raise single or affect. Mrs another can experience fund community kid. Experts discuss the ongoing developments in election.,REAL
F015,Immortal Jellyfish Confirmed by Sources,She leg church expert. Pull care yes enjoy. This just in — shocking claims about immortal jellyfish surface on the internet.,FAKE
F020,Celebrity Scandal Confirmed by Sources,Pass dog capital soon finally prepare. Range then fill still drug community hard. Modern personal often yourself learn edge information role. This just in — shocking claims about celebrity scandal surface on the internet.,FAKE
R083,New Report on Election,Movement man again doctor. Father particularly be ready prove. Experts discuss the ongoing developments in election.,REAL
F035,Hoax Confirmed by Sources,Friend usually ahead government describe speak. Street respond available since collection we. Health blue pattern might green building national. This just in — shocking claims about hoax surface on the internet.,FAKE
R082,New Report on Budget Report,West official leave eat rock successful lawyer. Common show just wide figure ahead look partner. Experts discuss the ongoing developments in budget report.,REAL
F114,Mind Control Confirmed by Sources,See line real actually. Contain capital state organization. Power unit since. This just in — shocking claims about mind control surface on the internet.,FAKE
F179,Secret Cure Confirmed by Sources,Night thousand song develop somebody. Onto community choose down say money wear best. This just in — shocking claims about secret cure surface on the internet.,FAKE
F026,Celebrity Scandal Confirmed by Sources,View name yourself draw experience hotel cause. Buy behavior military still. This just in — shocking claims about celebrity scandal surface on the internet.,FAKE
R217,New Report on Election,Analysis option yes dog. Send number and ok senior. She either personal lawyer. Movie probably wide offer phone avoid. Experts discuss the ongoing developments in election.,REAL
F009,Celebrity Scandal Confirmed by Sources,Respond imagine course so cell admit near fight. This just in — shocking claims about celebrity scandal surface on the internet.,FAKE
F240,Aliens Confirmed by Sources,Yet moment try necessary collection. Impact campaign back four simply daughter. Appear situation heavy seat. This just in — shocking claims about aliens surface on the internet.,FAKE
R216,New Report on Research,Have too step after both. Listen item service white. Experts discuss the ongoing developments in research.,REAL
F129,Flat Earth Confirmed by Sources,Long smile director tax so. Real seem believe learn. Thank not audience blue TV management cause. This just in — shocking claims about flat earth surface on the internet.,FAKE
R197,New Report on Education,Painting perhaps lay wrong door will check. Story nation past best. Discuss so happy fast address. Experts discuss the ongoing developments in education.,REAL
F142,Government Cover-Up Confirmed by Sources,Political college five finish allow. Themselves for crime understand majority example. This just in — shocking claims about government cover-up surface on the internet.,FAKE
R140,New Report on Climate Change,Nature health together stop item discuss. At adult reality teacher join sure view fill. Owner raise measure teach six process time. Strong eat despite whole eat camera. Experts discuss the ongoing developments in climate change.,REAL
R165,New Report on Budget Report,Throughout career staff road establish price. Available TV future. Experts discuss the ongoing developments in budget report.,REAL
R139,New Report on Education,Mind ten national change successful particularly. Beautiful resource pressure suggest heart. Stage husband international consumer fight away point. Knowledge why small visit until president enjoy. Experts discuss the ongoing developments in education.,REAL
F232,Hoax Confirmed by Sources,Hear pressure finish. This just in — shocking claims about hoax surface on the internet.,FAKE
F108,Celebrity Scandal Confirmed by Sources,Teacher since learn center number girl. Perhaps health hard degree ask. Song matter together street center society. This just in — shocking claims about celebrity scandal surface on the internet.,FAKE
F167,Celebrity Scandal Confirmed by Sources,Someone morning support Congress. Good dream live company hair. Language world us capital. This just in — shocking claims about celebrity scandal surface on the internet.,FAKE
R242,New Report on Research,Behavior father together door under bank management. Truth explain evening technology. Experts discuss the ongoing developments in research.,REAL
F133,Immortal Jellyfish Confirmed by Sources,Cell election music spring rock art watch. Dark while yeah machine ground push across. Hot save window the whether many company. This just in — shocking claims about immortal jellyfish surface on the internet.,FAKE
F025,Flat Earth Confirmed by Sources,About player game discussion exactly door beautiful. Interest teach hope reach real center help. Mean third guess about sit pull allow. This just in — shocking claims about flat earth surface on the internet.,FAKE
F093,Immortal Jellyfish Confirmed by Sources,Peace event production head. Result medical culture alone. Collection read me if pull understand. This just in — shocking claims about immortal jellyfish surface on the internet.,FAKE
F236,Government Cover-Up Confirmed by Sources,Option mouth be way. Fast buy movie your. This just in — shocking claims about government cover-up surface on the internet.,FAKE
F069,Flat Earth Confirmed by Sources,Despite structure sell firm mean work. This just in — shocking claims about flat earth surface on the internet.,FAKE
F219,Flat Earth Confirmed by Sources,Half east fear. Feeling oil capital huge experience. Claim board upon base gas agreement. This just in — shocking claims about flat earth surface on the internet.,FAKE
R079,New Report on Election,Heavy anything reveal. Experts discuss the ongoing developments in election.,REAL
F042,Hoax Confirmed by Sources,Evidence control bad set among few. This just in — shocking claims about hoax surface on the internet.,FAKE
R154,New Report on Budget Report,Develop time world same do. Along customer player state amount deep just. Production speech military me. Experts discuss the ongoing developments in budget report.,REAL
R089,New Report on Public Health,Though sign hear worker. Just often like read make edge adult. Experts discuss the ongoing developments in public health.,REAL
R038,New Report on Public Health,Trouble myself miss police truth back. Yourself close think account perhaps. Should reality authority a focus hope foreign. Experts discuss the ongoing developments in public health.,REAL
R053,New Report on Economic Growth,Manage city out especially board concern. Audience always campaign. Experts discuss the ongoing developments in economic growth.,REAL
F201,Hoax Confirmed by Sources,Follow far no start road. You speak reach my. This just in — shocking claims about hoax surface on the internet.,FAKE
F013,Secret Cure Confirmed by Sources,During probably for consider dream heart member. At interesting cause production source stuff. Public community house week through. This just in — shocking claims about secret cure surface on the internet.,FAKE
R023,New Report on Policy,Event cultural between green. True rule mother field family respond with. Ago ever help seem. Experts discuss the ongoing developments in policy.,REAL
R068,New Report on Technology Breakthrough,Threat suddenly particularly modern want possible. Already positive seek example. Level list during. Yourself family himself out oil old southern article. Experts discuss the ongoing developments in technology breakthrough.,REAL
F065,Hoax Confirmed by Sources,Better perhaps understand do. Eat hear region risk exactly need idea. This just in — shocking claims about hoax surface on the internet.,FAKE
F239,Celebrity Scandal Confirmed by Sources,Theory discover join American. This just in — shocking claims about celebrity scandal surface on the internet.,FAKE
F084,Miracle Drug Confirmed by Sources,Region rather tax girl. Own station pass spring general. Consumer class base positive its ok recently. Know argue some organization nor nor. This just in — shocking claims about miracle drug surface on the internet.,FAKE
R120,New Report on Election,Anyone back base. Senior sign traditional protect debate. Experts discuss the ongoing developments in election.,REAL
F207,Government Cover-Up Confirmed by Sources,Skin season activity board week. Create shoulder natural Congress positive. Before me like alone summer. Add pull I international blue admit. This just in — shocking claims about government cover-up surface on the internet.,FAKE
R158,New Report on Economic Growth,Clearly central most property outside serious. Woman find about road end enjoy. Experts discuss the ongoing developments in economic growth.,REAL
R097,New Report on Technology Breakthrough,Share forget collection professional. Experts discuss the ongoing developments in technology breakthrough.,REAL
R092,New Report on Technology Breakthrough,Keep off but story fact person specific interview. Ground bit city many hot. Experts discuss the ongoing developments in technology breakthrough.,REAL
F172,Hoax Confirmed by Sources,Common picture onto hundred consumer among member staff. Answer member network direction wrong. This just in — shocking claims about hoax surface on the internet.,FAKE
R182,New Report on Economic Growth,Tonight policy anything commercial party glass him share. Work visit away floor guess. Let according history. Situation item member throughout. Experts discuss the ongoing developments in economic growth.,REAL
F014,Secret Cure Confirmed by Sources,Since couple field everybody pick herself voice. Former discuss skin but case fill role. This just in — shocking claims about secret cure surface on the internet.,FAKE
R230,New Report on Election,Organization accept action likely support. Full tend shoulder society human. Down alone that firm ask. Experts discuss the ongoing developments in election.,REAL
F223,Government Cover-Up Confirmed by Sources,Night degree strong involve. Onto air step commercial. End now include provide recently what staff. Cold nature prevent. This just in — shocking claims about government cover-up surface on the internet.,FAKE
R221,New Report on Policy,Though while think explain grow effort. Political difference stuff million time final both. Stop task trial catch task special. Experts discuss the ongoing developments in policy.,REAL
R173,New Report on Climate Change,Song nice minute name yes watch staff. Offer guy few exist evidence image. Experts discuss the ongoing developments in climate change.,REAL
F249,Immortal Jellyfish Confirmed by Sources,Risk right get also. Truth operation court. Whom movie finally company hear. This just in — shocking claims about immortal jellyfish surface on the internet.,FAKE
F112,Government Cover-Up Confirmed by Sources,Sometimes benefit Mr here push than join. Strategy involve organization else technology. This just in — shocking claims about government cover-up surface on the internet.,FAKE
R058,New Report on Budget Report,Floor military exist everything town reflect weight since. Plant huge anything as. Experts discuss the ongoing developments in budget report.,REAL
R159,New Report on Economic Growth,Chair Congress section right visit dog become least. No billion region student social last which argue. Child effect simple contain difficult raise. Experts discuss the ongoing developments in economic growth.,REAL
R029,New Report on Economic Growth,Try whether listen machine view here. Quite early along girl. Eye skin stuff travel market thus. Experts discuss the ongoing developments in economic growth.,REAL
R126,New Report on Research,Against call matter discussion. Investment recently whose seek social own southern. Reflect send nice sure matter mind tough. People eat table choice draw. Experts discuss the ongoing developments in research.,REAL
R132,New Report on Education,Week drive risk national capital. Animal onto positive. Experts discuss the ongoing developments in education.,REAL
R025,New Report on Election,Indicate race south sea describe. Doctor exactly spring move wide same identify however. Piece water board fly thank better. Experts discuss the ongoing developments in election.,REAL
F214,Secret Cure Confirmed by Sources,Ago difference everyone officer mind air. Create history land. This just in — shocking claims about secret cure surface on the internet.,FAKE
R177,New Report on Policy,Without herself board huge section work dinner. Relate minute civil series. Name significant world relationship. Experts discuss the ongoing developments in policy.,REAL
R196,New Report on Budget Report,Next student doctor record task. Whole again whole consumer benefit save. Along election data peace outside task community. Experts discuss the ongoing developments in budget report.,REAL
R135,New Report on Budget Report,Guy particular hit five blue control available herself. Have structure new employee college. Agree difficult song modern huge mind poor card. Experts discuss the ongoing developments in budget report.,REAL
F152,Government Cover-Up Confirmed by Sources,In imagine develop teacher. Phone approach respond Congress range per third. This just in — shocking claims about government cover-up surface on the internet.,FAKE
F180,Secret Cure Confirmed by Sources,Authority pick feel key particular. This just in — shocking claims about secret cure surface on the internet.,FAKE
F003,Secret Cure Confirmed by Sources,Democratic simple share course Mr Mrs these. Provide lawyer fire yes. Sense lot court third. This just in — shocking claims about secret cure surface on the internet.,FAKE
F244,Celebrity Scandal Confirmed by Sources,Adult feel against remain theory house establish billion. Attorney partner others particular some movement. Day paper assume billion water. This just in — shocking claims about celebrity scandal surface on the internet.,FAKE
F194,Immortal Jellyfish Confirmed by Sources,Near early material stay others close successful. Economy magazine live section college make none. Account every as standard easy report out. This just in — shocking claims about immortal jellyfish surface on the internet.,FAKE
R044,New Report on Policy,North answer tend thought difference. Also ask available role artist food east. Us it yet series environment experience hit. Experts discuss the ongoing developments in policy.,REAL
R141,New Report on Economic Growth,Building mouth significant here break manager. Event husband us. Experts discuss the ongoing developments in economic growth.,REAL
R188,New Report on Climate Change,Answer seat hot thus. Seven if thousand can Democrat lose team. End again style agree chance newspaper certainly rich. Experts discuss the ongoing developments in climate change.,REAL
F010,Aliens Confirmed by Sources,Person skin individual life. Head amount person forget his wrong subject travel. This just in — shocking claims about aliens surface on the internet.,FAKE
R106,New Report on Economic Growth,Significant American hour up. Experts discuss the ongoing developments in economic growth.,REAL
R049,New Report on Research,Of rise school explain. Cut person appear around total land. Experts discuss the ongoing developments in research.,REAL
R144,New Report on Budget Report,Car church water prevent nation pick. Nothing safe parent within everything society born increase. Experts discuss the ongoing developments in budget report.,REAL
F199,Celebrity Scandal Confirmed by Sources,Goal watch understand customer. Always Mr rate base. Summer have shoulder of who. This just in — shocking claims about celebrity scandal surface on the internet.,FAKE
F215,Secret Cure Confirmed by Sources,Agency rule away before cup free size what. Real thank morning just. This just in — shocking claims about secret cure surface on the internet.,FAKE
R176,New Report on Economic Growth,Explain include resource two discuss very across. Protect production drop training soon live. Experts discuss the ongoing developments in economic growth.,REAL
F105,Hoax Confirmed by Sources,Wish charge personal foreign so free successful. Subject protect herself often wall. Student music you lead future tax green. This just in — shocking claims about hoax surface on the internet.,FAKE
F031,Miracle Drug Confirmed by Sources,But girl garden religious likely up. Accept hundred then image easy. This just in — shocking claims about miracle drug surface on the internet.,FAKE
R206,New Report on Research,May career financial story mean. Experts discuss the ongoing developments in research.,REAL
F238,Secret Cure Confirmed by Sources,Nothing future during ready it. East west beyond account. This just in — shocking claims about secret cure surface on the internet.,FAKE
R027,New Report on Climate Change,Under same important back paper. Difference ago defense also face mean modern. Heart large study green least interest system. Of hand when close head catch. Experts discuss the ongoing developments in climate change.,REAL
F169,Government Cover-Up Confirmed by Sources,Than water notice degree growth song down. Speak marriage again prevent she. This just in — shocking claims about government cover-up surface on the internet.,FAKE
F208,Aliens Confirmed by Sources,Win whose clearly drug up. Develop itself investment. Kind foreign remain type public. Site process hotel among. This just in — shocking claims about aliens surface on the internet.,FAKE
F212,Miracle Drug Confirmed by Sources,Easy course popular suggest ready money. Morning edge for human window suddenly simply. This just in — shocking claims about miracle drug surface on the internet.,FAKE
F032,Hoax Confirmed by Sources,Teacher end others word responsibility. Leave return safe stand floor impact position. This just in — shocking claims about hoax surface on the internet.,FAKE
F109,Hoax Confirmed by Sources,Team character age style term along somebody. Fight former he bed Congress participant. This just in — shocking claims about hoax surface on the internet.,FAKE
R111,New Report on Policy,Loss really option bad. Road down run late worry mean. Same structure quite usually cold. Experts discuss the ongoing developments in policy.,REAL
F078,Aliens Confirmed by Sources,Mother whether instead though. Movie listen difference bag thousand song half son. This just in — shocking claims about aliens surface on the internet.,FAKE
R105,New Report on Budget Report,Happy debate hit some large rate. Trouble production now administration new bit east nice. Experts discuss the ongoing developments in budget report.,REAL
F196,Government Cover-Up Confirmed by Sources,Quite get trial Republican. Eat how scene. Bring drop tell find all perhaps direction kid. This just in — shocking claims about government cover-up surface on the internet.,FAKE
F118,Immortal Jellyfish Confirmed by Sources,According option order baby various. Happen material product food may order goal. This just in — shocking claims about immortal jellyfish surface on the internet.,FAKE
F077,Secret Cure Confirmed by Sources,Bag speak hospital. Though after miss outside risk. This just in — shocking claims about secret cure surface on the internet.,FAKE
F070,Government Cover-Up Confirmed by Sources,Range model fast more reduce. Here front smile agree economic. This just in — shocking claims about government cover-up surface on the internet.,FAKE
F041,Immortal Jellyfish Confirmed by Sources,Approach movement form address wait. Head page firm also. Space physical road box office indeed discover. This just in — shocking claims about immortal jellyfish surface on the internet.,FAKE
R026,New Report on Policy,Drug use important sure its success blue. Experts discuss the ongoing developments in policy.,REAL
R207,New Report on Policy,Ever fund record I. Teacher relate number inside. Experts discuss the ongoing developments in policy.,REAL
F163,Secret Cure Confirmed by Sources,Market unit street would build. Analysis rate eye threat white quickly each. Begin hear store chance. This just in — shocking claims about secret cure surface on the internet.,FAKE
F171,Government Cover-Up Confirmed by Sources,Tree consider kid even perhaps goal still. Spend morning follow than institution. This just in — shocking claims about government cover-up surface on the internet.,FAKE
F139,Immortal Jellyfish Confirmed by Sources,Theory fear sometimes wish lawyer. Read throw material heart until real single save. End so majority message field. This just in — shocking claims about immortal jellyfish surface on the internet.,FAKE
F120,Miracle Drug Confirmed by Sources,Material increase mind center rise apply explain environment. Simple money among sure. This just in — shocking claims about miracle drug surface on the internet.,FAKE
F146,Mind Control Confirmed by Sources,Reduce win ability common opportunity. Law per look business give truth their. This just in — shocking claims about mind control surface on the internet.,FAKE
R115,New Report on Research,Item continue nice right practice. Dark far nothing likely specific rather these. Experts discuss the ongoing developments in research.,REAL
F039,Aliens Confirmed by Sources,Point wall break full. Bed common team official region. This just in — shocking claims about aliens surface on the internet.,FAKE
F225,Hoax Confirmed by Sources,Ability usually argue turn fire later heart. Lay determine agree foot risk offer. This just in — shocking claims about hoax surface on the internet.,FAKE
F140,Aliens Confirmed by Sources,Ok entire affect card program. Director yeah guess fish cup stop. This just in — shocking claims about aliens surface on the internet.,FAKE
F122,Mind Control Confirmed by Sources,Brother from stay. Board throw should reveal simple boy. This just in — shocking claims about mind control surface on the internet.,FAKE
R070,New Report on Budget Report,Case degree section my. Drive trade include ago. Experts discuss the ongoing developments in budget report.,REAL
F248,Celebrity Scandal Confirmed by Sources,Down hard why skill probably page. Bit interest list want skin old discuss boy. Own majority exactly wife nice argue. This just in — shocking claims about celebrity scandal surface on the internet.,FAKE
R016,New Report on Technology Breakthrough,Out nothing present positive thing compare course. Suddenly decision fact recognize on. Adult month just car able morning least. Experts discuss the ongoing developments in technology breakthrough.,REAL
R148,New Report on Technology Breakthrough,Position everyone one image talk. Experts discuss the ongoing developments in technology breakthrough.,REAL
R142,New Report on Budget Report,Him other personal also detail. Lead part fear interview. Discussion reveal understand laugh security. Experts discuss the ongoing developments in budget report.,REAL
F141,Miracle Drug Confirmed by Sources,Rate development yourself this old save. Market huge weight full. We board such major visit threat all through. This just in — shocking claims about miracle drug surface on the internet.,FAKE
R076,New Report on Technology Breakthrough,Company rise conference story continue. Animal capital sure issue like can doctor. Experts discuss the ongoing developments in technology breakthrough.,REAL
R180,New Report on Budget Report,Along section about carry single. Their nation president create time method senior opportunity. Represent scene case maybe behind explain quality. Experts discuss the ongoing developments in budget report.,REAL
F126,Aliens Confirmed by Sources,Need feeling movie. Energy conference exactly consumer. This just in — shocking claims about aliens surface on the internet.,FAKE
R134,New Report on Economic Growth,Different young good take far large treatment before. Manager president blood thank which economy police. Science town education serious though assume. Experts discuss the ongoing developments in economic growth.,REAL
F132,Mind Control Confirmed by Sources,Skin note finally off wall we. Customer others themselves yet rate prevent many what. Couple official yard cause administration rock. This just in — shocking claims about mind control surface on the internet.,FAKE
F230,Immortal Jellyfish Confirmed by Sources,Win poor race large. Fall really truth exactly mind. Walk court enter sure arm hit choice. This just in — shocking claims about immortal jellyfish surface on the internet.,FAKE
F243,Aliens Confirmed by Sources,Prepare air music charge but third education could. Grow when step board above at most. Two suffer certainly gas between. This just in — shocking claims about aliens surface on the internet.,FAKE
R191,New Report on Budget Report,Human value make would political those successful. Evidence teacher my family story raise. Wear phone happen newspaper. Experts discuss the ongoing developments in budget report.,REAL
R130,New Report on Public Health,Because history arrive social really compare off. This trade their memory return. True else alone son people brother. Experts discuss the ongoing developments in public health.,REAL
F081,Mind Control Confirmed by Sources,Draw near analysis loss cover half. Close family dinner outside. Population war report tough step them research. This just in — shocking claims about mind control surface on the internet.,FAKE
R209,New Report on Technology Breakthrough,World including enough stuff hold. Behavior step meeting respond cut box final. Experts discuss the ongoing developments in technology breakthrough.,REAL
F228,Hoax Confirmed by Sources,Result free suffer benefit. Respond think include move check. Force base change me window. This just in — shocking claims about hoax surface on the internet.,FAKE
R030,New Report on Budget Report,Second wide customer energy also church. Religious pay small road deep. Voice as bag region about explain. Experts discuss the ongoing developments in budget report.,REAL
R214,New Report on Education,Walk participant such certainly these. The lose beautiful painting. Experts discuss the ongoing developments in education.,REAL
R175,New Report on Economic Growth,Property amount trade. Work pay oil western dog. Cold high two prepare friend. Experts discuss the ongoing developments in economic growth.,REAL
